<?xml version="1.0" encoding="UTF-8"?>
<GenRun Id="impl_1" LaunchPart="xc7a100tcsg324-1" LaunchTime="1725965438">
  <File Type="PA-TCL" Name="ALU.tcl"/>
  <File Type="REPORTS-TCL" Name="ALU_reports.tcl"/>
  <File Type="BITSTR-MSK" Name="ALU.msk"/>
  <File Type="RDI-RDI" Name="ALU.vdi"/>
  <File Type="BG-BIT" Name="ALU.bit"/>
  <File Type="BG-DRC" Name="ALU.drc"/>
  <File Type="BG-BGN" Name="ALU.bgn"/>
  <File Type="BG-BIN" Name="ALU.bin"/>
  <File Type="BITSTR-RBT" Name="ALU.rbt"/>
  <File Type="BITSTR-NKY" Name="ALU.nky"/>
  <File Type="BITSTR-BMM" Name="ALU_bd.bmm"/>
  <File Type="BITSTR-MMI" Name="ALU.mmi"/>
  <File Type="BITSTR-SYSDEF" Name="ALU.sysdef"/>
  <File Type="BITSTR-LTX" Name="debug_nets.ltx"/>
  <File Type="BITSTR-LTX" Name="ALU.ltx"/>
  <File Type="WBT-USG" Name="usage_statistics_webtalk.html"/>
  <File Type="OPT-HWDEF" Name="ALU.hwdef"/>
  <File Type="PLACE-PRE-SIMILARITY" Name="ALU_incremental_reuse_pre_placed.rpt"/>
  <File Type="ROUTE-DCP" Name="ALU_routed.dcp"/>
  <File Type="ROUTE-ERROR-DCP" Name="ALU_routed_error.dcp"/>
  <File Type="ROUTE-BLACKBOX-DCP" Name="ALU_routed_bb.dcp"/>
  <File Type="ROUTE-TIMING-PB" Name="ALU_timing_summary_routed.pb"/>
  <File Type="OPT-DCP" Name="ALU_opt.dcp"/>
  <File Type="PLACE-DCP" Name="ALU_placed.dcp"/>
  <File Type="PWROPT-DCP" Name="ALU_pwropt.dcp"/>
  <File Type="POSTPLACE-PWROPT-DCP" Name="ALU_postplace_pwropt.dcp"/>
  <File Type="PHYSOPT-DCP" Name="ALU_physopt.dcp"/>
  <File Type="POSTROUTE-PHYSOPT-DCP" Name="ALU_postroute_physopt.dcp"/>
  <File Type="POSTROUTE-PHYSOPT-BLACKBOX-DCP" Name="ALU_postroute_physopt_bb.dcp"/>
  <File Type="PDI-FILE" Name="ALU.pdi"/>
  <File Type="RCFI_FILE" Name="ALU.rcfi"/>
  <File Type="CFI_FILE" Name="ALU.cfi"/>
  <File Type="RNPI_FILE" Name="ALU.rnpi"/>
  <File Type="NPI_FILE" Name="ALU.npi"/>
  <File Type="RBD_FILE" Name="ALU.rbd"/>
  <FileSet Name="sources" Type="DesignSrcs" RelSrcDir="$PSRCDIR/sources_1">
    <Filter Type="Srcs"/>
    <File Path="$PSRCDIR/sources_1/new/ALU_Adder.v">
      <FileInfo>
        <Attr Name="ImportPath" Val="$PPRDIR/../ALU_Design/ALU_Design.srcs/sources_1/new/ALU_Adder.v"/>
        <Attr Name="ImportTime" Val="1725956865"/>
        <Attr Name="UsedIn" Val="synthesis"/>
        <Attr Name="UsedIn" Val="implementation"/>
        <Attr Name="UsedIn" Val="simulation"/>
      </FileInfo>
    </File>
    <File Path="$PSRCDIR/sources_1/new/ALU_Divide.v">
      <FileInfo>
        <Attr Name="ImportPath" Val="$PPRDIR/../ALU_Design/ALU_Design.srcs/sources_1/new/ALU_Divide.v"/>
        <Attr Name="ImportTime" Val="1725956865"/>
        <Attr Name="UsedIn" Val="synthesis"/>
        <Attr Name="UsedIn" Val="implementation"/>
        <Attr Name="UsedIn" Val="simulation"/>
      </FileInfo>
    </File>
    <File Path="$PSRCDIR/sources_1/new/ALU_Ham.v">
      <FileInfo>
        <Attr Name="ImportPath" Val="$PPRDIR/../ALU_Design/ALU_Design.srcs/sources_1/new/ALU_Ham.v"/>
        <Attr Name="ImportTime" Val="1725956866"/>
        <Attr Name="UsedIn" Val="synthesis"/>
        <Attr Name="UsedIn" Val="implementation"/>
        <Attr Name="UsedIn" Val="simulation"/>
      </FileInfo>
    </File>
    <File Path="$PSRCDIR/sources_1/new/ALU_Multiply.v">
      <FileInfo>
        <Attr Name="ImportPath" Val="$PPRDIR/../ALU_Design/ALU_Design.srcs/sources_1/new/ALU_Multiply.v"/>
        <Attr Name="ImportTime" Val="1725956866"/>
        <Attr Name="UsedIn" Val="synthesis"/>
        <Attr Name="UsedIn" Val="implementation"/>
        <Attr Name="UsedIn" Val="simulation"/>
      </FileInfo>
    </File>
    <File Path="$PSRCDIR/sources_1/new/ALU_Shift_Left.v">
      <FileInfo>
        <Attr Name="ImportPath" Val="$PPRDIR/../ALU_Design/ALU_Design.srcs/sources_1/new/ALU_Shift_Left.v"/>
        <Attr Name="ImportTime" Val="1725956866"/>
        <Attr Name="UsedIn" Val="synthesis"/>
        <Attr Name="UsedIn" Val="implementation"/>
        <Attr Name="UsedIn" Val="simulation"/>
      </FileInfo>
    </File>
    <File Path="$PSRCDIR/sources_1/new/ALU_Shift_Right_Arithmetic.v">
      <FileInfo>
        <Attr Name="ImportPath" Val="$PPRDIR/../ALU_Design/ALU_Design.srcs/sources_1/new/ALU_Shift_Right_Arithmetic.v"/>
        <Attr Name="ImportTime" Val="1725956866"/>
        <Attr Name="UsedIn" Val="synthesis"/>
        <Attr Name="UsedIn" Val="implementation"/>
        <Attr Name="UsedIn" Val="simulation"/>
      </FileInfo>
    </File>
    <File Path="$PSRCDIR/sources_1/new/ALU_Shift_Right_Logical.v">
      <FileInfo>
        <Attr Name="ImportPath" Val="$PPRDIR/../ALU_Design/ALU_Design.srcs/sources_1/new/ALU_Shift_Right_Logical.v"/>
        <Attr Name="ImportTime" Val="1725956866"/>
        <Attr Name="UsedIn" Val="synthesis"/>
        <Attr Name="UsedIn" Val="implementation"/>
        <Attr Name="UsedIn" Val="simulation"/>
      </FileInfo>
    </File>
    <File Path="$PSRCDIR/sources_1/new/ALU_Subtractor.v">
      <FileInfo>
        <Attr Name="ImportPath" Val="$PPRDIR/../ALU_Design/ALU_Design.srcs/sources_1/new/ALU_Subtractor.v"/>
        <Attr Name="ImportTime" Val="1725956866"/>
        <Attr Name="UsedIn" Val="synthesis"/>
        <Attr Name="UsedIn" Val="implementation"/>
        <Attr Name="UsedIn" Val="simulation"/>
      </FileInfo>
    </File>
    <File Path="$PSRCDIR/sources_1/new/AND_8Bit.v">
      <FileInfo>
        <Attr Name="ImportPath" Val="$PPRDIR/../ALU_Design/ALU_Design.srcs/sources_1/new/AND_8Bit.v"/>
        <Attr Name="ImportTime" Val="1725956866"/>
        <Attr Name="UsedIn" Val="synthesis"/>
        <Attr Name="UsedIn" Val="implementation"/>
        <Attr Name="UsedIn" Val="simulation"/>
      </FileInfo>
    </File>
    <File Path="$PSRCDIR/sources_1/new/Adder_2Bit.v">
      <FileInfo>
        <Attr Name="ImportPath" Val="$PPRDIR/../ALU_Design/ALU_Design.srcs/sources_1/new/Adder_2Bit.v"/>
        <Attr Name="ImportTime" Val="1725956865"/>
        <Attr Name="UsedIn" Val="synthesis"/>
        <Attr Name="UsedIn" Val="implementation"/>
        <Attr Name="UsedIn" Val="simulation"/>
      </FileInfo>
    </File>
    <File Path="$PSRCDIR/sources_1/new/Adder_3Bit.v">
      <FileInfo>
        <Attr Name="ImportPath" Val="$PPRDIR/../ALU_Design/ALU_Design.srcs/sources_1/new/Adder_3Bit.v"/>
        <Attr Name="ImportTime" Val="1725956865"/>
        <Attr Name="UsedIn" Val="synthesis"/>
        <Attr Name="UsedIn" Val="implementation"/>
        <Attr Name="UsedIn" Val="simulation"/>
      </FileInfo>
    </File>
    <File Path="$PSRCDIR/sources_1/new/Full_Adder.v">
      <FileInfo>
        <Attr Name="ImportPath" Val="$PPRDIR/../ALU_Design/ALU_Design.srcs/sources_1/new/Full_Adder.v"/>
        <Attr Name="ImportTime" Val="1725956866"/>
        <Attr Name="UsedIn" Val="synthesis"/>
        <Attr Name="UsedIn" Val="implementation"/>
        <Attr Name="UsedIn" Val="simulation"/>
      </FileInfo>
    </File>
    <File Path="$PSRCDIR/sources_1/new/MUX_16to1.v">
      <FileInfo>
        <Attr Name="ImportPath" Val="$PPRDIR/../ALU_Design/ALU_Design.srcs/sources_1/new/MUX_16to1.v"/>
        <Attr Name="ImportTime" Val="1725956866"/>
        <Attr Name="UsedIn" Val="synthesis"/>
        <Attr Name="UsedIn" Val="implementation"/>
        <Attr Name="UsedIn" Val="simulation"/>
      </FileInfo>
    </File>
    <File Path="$PSRCDIR/sources_1/new/MUX_2to1.v">
      <FileInfo>
        <Attr Name="ImportPath" Val="$PPRDIR/../ALU_Design/ALU_Design.srcs/sources_1/new/MUX_2to1.v"/>
        <Attr Name="ImportTime" Val="1725956866"/>
        <Attr Name="UsedIn" Val="synthesis"/>
        <Attr Name="UsedIn" Val="implementation"/>
        <Attr Name="UsedIn" Val="simulation"/>
      </FileInfo>
    </File>
    <File Path="$PSRCDIR/sources_1/new/MUX_4to1.v">
      <FileInfo>
        <Attr Name="ImportPath" Val="$PPRDIR/../ALU_Design/ALU_Design.srcs/sources_1/new/MUX_4to1.v"/>
        <Attr Name="ImportTime" Val="1725956866"/>
        <Attr Name="UsedIn" Val="synthesis"/>
        <Attr Name="UsedIn" Val="implementation"/>
        <Attr Name="UsedIn" Val="simulation"/>
      </FileInfo>
    </File>
    <File Path="$PSRCDIR/sources_1/new/MUX_8to1.v">
      <FileInfo>
        <Attr Name="ImportPath" Val="$PPRDIR/../ALU_Design/ALU_Design.srcs/sources_1/new/MUX_8to1.v"/>
        <Attr Name="ImportTime" Val="1725956866"/>
        <Attr Name="UsedIn" Val="synthesis"/>
        <Attr Name="UsedIn" Val="implementation"/>
        <Attr Name="UsedIn" Val="simulation"/>
      </FileInfo>
    </File>
    <File Path="$PSRCDIR/sources_1/new/NEG_8Bit.v">
      <FileInfo>
        <Attr Name="ImportPath" Val="$PPRDIR/../ALU_Design/ALU_Design.srcs/sources_1/new/NEG_8Bit.v"/>
        <Attr Name="ImportTime" Val="1725956866"/>
        <Attr Name="UsedIn" Val="synthesis"/>
        <Attr Name="UsedIn" Val="implementation"/>
        <Attr Name="UsedIn" Val="simulation"/>
      </FileInfo>
    </File>
    <File Path="$PSRCDIR/sources_1/new/OR_8Bit.v">
      <FileInfo>
        <Attr Name="ImportPath" Val="$PPRDIR/../ALU_Design/ALU_Design.srcs/sources_1/new/OR_8Bit.v"/>
        <Attr Name="ImportTime" Val="1725956866"/>
        <Attr Name="UsedIn" Val="synthesis"/>
        <Attr Name="UsedIn" Val="implementation"/>
        <Attr Name="UsedIn" Val="simulation"/>
      </FileInfo>
    </File>
    <File Path="$PSRCDIR/sources_1/new/Twos_Complement.v">
      <FileInfo>
        <Attr Name="ImportPath" Val="$PPRDIR/../ALU_Design/ALU_Design.srcs/sources_1/new/Twos_Complement.v"/>
        <Attr Name="ImportTime" Val="1725956866"/>
        <Attr Name="UsedIn" Val="synthesis"/>
        <Attr Name="UsedIn" Val="implementation"/>
        <Attr Name="UsedIn" Val="simulation"/>
      </FileInfo>
    </File>
    <File Path="$PSRCDIR/sources_1/new/XOR_8Bit.v">
      <FileInfo>
        <Attr Name="ImportPath" Val="$PPRDIR/../ALU_Design/ALU_Design.srcs/sources_1/new/XOR_8Bit.v"/>
        <Attr Name="ImportTime" Val="1725956866"/>
        <Attr Name="UsedIn" Val="synthesis"/>
        <Attr Name="UsedIn" Val="implementation"/>
        <Attr Name="UsedIn" Val="simulation"/>
      </FileInfo>
    </File>
    <File Path="$PSRCDIR/sources_1/new/ALU.v">
      <FileInfo>
        <Attr Name="ImportPath" Val="$PPRDIR/../ALU_Design/ALU_Design.srcs/sources_1/new/ALU.v"/>
        <Attr Name="ImportTime" Val="1725956865"/>
        <Attr Name="UsedIn" Val="synthesis"/>
        <Attr Name="UsedIn" Val="implementation"/>
        <Attr Name="UsedIn" Val="simulation"/>
      </FileInfo>
    </File>
    <File Path="$PSRCDIR/sources_1/new/ALU_Dec4.v">
      <FileInfo>
        <Attr Name="ImportPath" Val="$PPRDIR/../ALU_Design/ALU_Design.srcs/sources_1/new/ALU_Dec4.v"/>
        <Attr Name="ImportTime" Val="1725956865"/>
        <Attr Name="UsedIn" Val="synthesis"/>
        <Attr Name="UsedIn" Val="implementation"/>
        <Attr Name="UsedIn" Val="simulation"/>
      </FileInfo>
    </File>
    <File Path="$PSRCDIR/sources_1/new/ALU_Inc4.v">
      <FileInfo>
        <Attr Name="ImportPath" Val="$PPRDIR/../ALU_Design/ALU_Design.srcs/sources_1/new/ALU_Inc4.v"/>
        <Attr Name="ImportTime" Val="1725956866"/>
        <Attr Name="UsedIn" Val="synthesis"/>
        <Attr Name="UsedIn" Val="implementation"/>
        <Attr Name="UsedIn" Val="simulation"/>
      </FileInfo>
    </File>
    <File Path="$PSRCDIR/sources_1/new/ALU_Barrel_Shift.v">
      <FileInfo>
        <Attr Name="ImportPath" Val="$PPRDIR/../ALU_Design/ALU_Design.srcs/sources_1/new/ALU_Barrel_Shift.v"/>
        <Attr Name="ImportTime" Val="1725956865"/>
        <Attr Name="UsedIn" Val="synthesis"/>
        <Attr Name="UsedIn" Val="implementation"/>
        <Attr Name="UsedIn" Val="simulation"/>
      </FileInfo>
    </File>
    <File Path="$PSRCDIR/sources_1/new/ALU_Barrel_Left.v">
      <FileInfo>
        <Attr Name="UsedIn" Val="synthesis"/>
        <Attr Name="UsedIn" Val="implementation"/>
        <Attr Name="UsedIn" Val="simulation"/>
      </FileInfo>
    </File>
    <File Path="$PSRCDIR/sources_1/new/ALU_Barrel_Right.v">
      <FileInfo>
        <Attr Name="UsedIn" Val="synthesis"/>
        <Attr Name="UsedIn" Val="implementation"/>
        <Attr Name="UsedIn" Val="simulation"/>
      </FileInfo>
    </File>
    <File Path="$PSRCDIR/sources_1/new/ALU_Barrel_Arith_Right.v">
      <FileInfo>
        <Attr Name="UsedIn" Val="synthesis"/>
        <Attr Name="UsedIn" Val="implementation"/>
        <Attr Name="UsedIn" Val="simulation"/>
      </FileInfo>
    </File>
    <Config>
      <Option Name="DesignMode" Val="RTL"/>
      <Option Name="TopModule" Val="ALU"/>
      <Option Name="TopAutoSet" Val="TRUE"/>
    </Config>
  </FileSet>
  <FileSet Name="constrs_in" Type="Constrs" RelSrcDir="$PSRCDIR/constrs_1">
    <Filter Type="Constrs"/>
    <File Path="$PSRCDIR/constrs_1/new/ALU_XDC_File.xdc">
      <FileInfo>
        <Attr Name="UsedIn" Val="synthesis"/>
        <Attr Name="UsedIn" Val="implementation"/>
      </FileInfo>
    </File>
    <Config>
      <Option Name="ConstrsType" Val="XDC"/>
    </Config>
  </FileSet>
  <FileSet Name="utils" Type="Utils" RelSrcDir="$PSRCDIR/utils_1">
    <Filter Type="Utils"/>
    <Config>
      <Option Name="TopAutoSet" Val="TRUE"/>
    </Config>
  </FileSet>
  <Strategy Version="1" Minor="2">
    <StratHandle Name="Vivado Implementation Defaults" Flow="Vivado Implementation 2020"/>
    <Step Id="init_design"/>
    <Step Id="opt_design"/>
    <Step Id="power_opt_design"/>
    <Step Id="place_design"/>
    <Step Id="post_place_power_opt_design"/>
    <Step Id="phys_opt_design"/>
    <Step Id="route_design"/>
    <Step Id="post_route_phys_opt_design"/>
    <Step Id="write_bitstream"/>
    <Step Id="write_device_image"/>
  </Strategy>
</GenRun>
