<?xml version="1.0" encoding="UTF-8"?>
<GenRun Id="synth_1" LaunchPart="xc7a100tcsg324-1" LaunchTime="1725965437">
  <File Type="PA-TCL" Name="ALU.tcl"/>
  <File Type="REPORTS-TCL" Name="ALU_reports.tcl"/>
  <File Type="RDS-RDS" Name="ALU.vds"/>
  <File Type="RDS-DCP" Name="ALU.dcp"/>
  <FileSet Name="sources" Type="DesignSrcs" RelSrcDir="$PSRCDIR/sources_1">
    <Filter Type="Srcs"/>
    <File Path="$PSRCDIR/sources_1/new/ALU_Adder.v">
      <FileInfo>
        <Attr Name="ImportPath" Val="$PPRDIR/../ALU_Design/ALU_Design.srcs/sources_1/new/ALU_Adder.v"/>
        <Attr Name="ImportTime" Val="1725956865"/>
        <Attr Name="UsedIn" Val="synthesis"/>
        <Attr Name="UsedIn" Val="implementation"/>
        <Attr Name="UsedIn" Val="simulation"/>
      </FileInfo>
    </File>
    <File Path="$PSRCDIR/sources_1/new/ALU_Divide.v">
      <FileInfo>
        <Attr Name="ImportPath" Val="$PPRDIR/../ALU_Design/ALU_Design.srcs/sources_1/new/ALU_Divide.v"/>
        <Attr Name="ImportTime" Val="1725956865"/>
        <Attr Name="UsedIn" Val="synthesis"/>
        <Attr Name="UsedIn" Val="implementation"/>
        <Attr Name="UsedIn" Val="simulation"/>
      </FileInfo>
    </File>
    <File Path="$PSRCDIR/sources_1/new/ALU_Ham.v">
      <FileInfo>
        <Attr Name="ImportPath" Val="$PPRDIR/../ALU_Design/ALU_Design.srcs/sources_1/new/ALU_Ham.v"/>
        <Attr Name="ImportTime" Val="1725956866"/>
        <Attr Name="UsedIn" Val="synthesis"/>
        <Attr Name="UsedIn" Val="implementation"/>
        <Attr Name="UsedIn" Val="simulation"/>
      </FileInfo>
    </File>
    <File Path="$PSRCDIR/sources_1/new/ALU_Multiply.v">
      <FileInfo>
        <Attr Name="ImportPath" Val="$PPRDIR/../ALU_Design/ALU_Design.srcs/sources_1/new/ALU_Multiply.v"/>
        <Attr Name="ImportTime" Val="1725956866"/>
        <Attr Name="UsedIn" Val="synthesis"/>
        <Attr Name="UsedIn" Val="implementation"/>
        <Attr Name="UsedIn" Val="simulation"/>
      </FileInfo>
    </File>
    <File Path="$PSRCDIR/sources_1/new/ALU_Shift_Left.v">
      <FileInfo>
        <Attr Name="ImportPath" Val="$PPRDIR/../ALU_Design/ALU_Design.srcs/sources_1/new/ALU_Shift_Left.v"/>
        <Attr Name="ImportTime" Val="1725956866"/>
        <Attr Name="UsedIn" Val="synthesis"/>
        <Attr Name="UsedIn" Val="implementation"/>
        <Attr Name="UsedIn" Val="simulation"/>
      </FileInfo>
    </File>
    <File Path="$PSRCDIR/sources_1/new/ALU_Shift_Right_Arithmetic.v">
      <FileInfo>
        <Attr Name="ImportPath" Val="$PPRDIR/../ALU_Design/ALU_Design.srcs/sources_1/new/ALU_Shift_Right_Arithmetic.v"/>
        <Attr Name="ImportTime" Val="1725956866"/>
        <Attr Name="UsedIn" Val="synthesis"/>
        <Attr Name="UsedIn" Val="implementation"/>
        <Attr Name="UsedIn" Val="simulation"/>
      </FileInfo>
    </File>
    <File Path="$PSRCDIR/sources_1/new/ALU_Shift_Right_Logical.v">
      <FileInfo>
        <Attr Name="ImportPath" Val="$PPRDIR/../ALU_Design/ALU_Design.srcs/sources_1/new/ALU_Shift_Right_Logical.v"/>
        <Attr Name="ImportTime" Val="1725956866"/>
        <Attr Name="UsedIn" Val="synthesis"/>
        <Attr Name="UsedIn" Val="implementation"/>
        <Attr Name="UsedIn" Val="simulation"/>
      </FileInfo>
    </File>
    <File Path="$PSRCDIR/sources_1/new/ALU_Subtractor.v">
      <FileInfo>
        <Attr Name="ImportPath" Val="$PPRDIR/../ALU_Design/ALU_Design.srcs/sources_1/new/ALU_Subtractor.v"/>
        <Attr Name="ImportTime" Val="1725956866"/>
        <Attr Name="UsedIn" Val="synthesis"/>
        <Attr Name="UsedIn" Val="implementation"/>
        <Attr Name="UsedIn" Val="simulation"/>
      </FileInfo>
    </File>
    <File Path="$PSRCDIR/sources_1/new/AND_8Bit.v">
      <FileInfo>
        <Attr Name="ImportPath" Val="$PPRDIR/../ALU_Design/ALU_Design.srcs/sources_1/new/AND_8Bit.v"/>
        <Attr Name="ImportTime" Val="1725956866"/>
        <Attr Name="UsedIn" Val="synthesis"/>
        <Attr Name="UsedIn" Val="implementation"/>
        <Attr Name="UsedIn" Val="simulation"/>
      </FileInfo>
    </File>
    <File Path="$PSRCDIR/sources_1/new/Adder_2Bit.v">
      <FileInfo>
        <Attr Name="ImportPath" Val="$PPRDIR/../ALU_Design/ALU_Design.srcs/sources_1/new/Adder_2Bit.v"/>
        <Attr Name="ImportTime" Val="1725956865"/>
        <Attr Name="UsedIn" Val="synthesis"/>
        <Attr Name="UsedIn" Val="implementation"/>
        <Attr Name="UsedIn" Val="simulation"/>
      </FileInfo>
    </File>
    <File Path="$PSRCDIR/sources_1/new/Adder_3Bit.v">
      <FileInfo>
        <Attr Name="ImportPath" Val="$PPRDIR/../ALU_Design/ALU_Design.srcs/sources_1/new/Adder_3Bit.v"/>
        <Attr Name="ImportTime" Val="1725956865"/>
        <Attr Name="UsedIn" Val="synthesis"/>
        <Attr Name="UsedIn" Val="implementation"/>
        <Attr Name="UsedIn" Val="simulation"/>
      </FileInfo>
    </File>
    <File Path="$PSRCDIR/sources_1/new/Full_Adder.v">
      <FileInfo>
        <Attr Name="ImportPath" Val="$PPRDIR/../ALU_Design/ALU_Design.srcs/sources_1/new/Full_Adder.v"/>
        <Attr Name="ImportTime" Val="1725956866"/>
        <Attr Name="UsedIn" Val="synthesis"/>
        <Attr Name="UsedIn" Val="implementation"/>
        <Attr Name="UsedIn" Val="simulation"/>
      </FileInfo>
    </File>
    <File Path="$PSRCDIR/sources_1/new/MUX_16to1.v">
      <FileInfo>
        <Attr Name="ImportPath" Val="$PPRDIR/../ALU_Design/ALU_Design.srcs/sources_1/new/MUX_16to1.v"/>
        <Attr Name="ImportTime" Val="1725956866"/>
        <Attr Name="UsedIn" Val="synthesis"/>
        <Attr Name="UsedIn" Val="implementation"/>
        <Attr Name="UsedIn" Val="simulation"/>
      </FileInfo>
    </File>
    <File Path="$PSRCDIR/sources_1/new/MUX_2to1.v">
      <FileInfo>
        <Attr Name="ImportPath" Val="$PPRDIR/../ALU_Design/ALU_Design.srcs/sources_1/new/MUX_2to1.v"/>
        <Attr Name="ImportTime" Val="1725956866"/>
        <Attr Name="UsedIn" Val="synthesis"/>
        <Attr Name="UsedIn" Val="implementation"/>
        <Attr Name="UsedIn" Val="simulation"/>
      </FileInfo>
    </File>
    <File Path="$PSRCDIR/sources_1/new/MUX_4to1.v">
      <FileInfo>
        <Attr Name="ImportPath" Val="$PPRDIR/../ALU_Design/ALU_Design.srcs/sources_1/new/MUX_4to1.v"/>
        <Attr Name="ImportTime" Val="1725956866"/>
        <Attr Name="UsedIn" Val="synthesis"/>
        <Attr Name="UsedIn" Val="implementation"/>
        <Attr Name="UsedIn" Val="simulation"/>
      </FileInfo>
    </File>
    <File Path="$PSRCDIR/sources_1/new/MUX_8to1.v">
      <FileInfo>
        <Attr Name="ImportPath" Val="$PPRDIR/../ALU_Design/ALU_Design.srcs/sources_1/new/MUX_8to1.v"/>
        <Attr Name="ImportTime" Val="1725956866"/>
        <Attr Name="UsedIn" Val="synthesis"/>
        <Attr Name="UsedIn" Val="implementation"/>
        <Attr Name="UsedIn" Val="simulation"/>
      </FileInfo>
    </File>
    <File Path="$PSRCDIR/sources_1/new/NEG_8Bit.v">
      <FileInfo>
        <Attr Name="ImportPath" Val="$PPRDIR/../ALU_Design/ALU_Design.srcs/sources_1/new/NEG_8Bit.v"/>
        <Attr Name="ImportTime" Val="1725956866"/>
        <Attr Name="UsedIn" Val="synthesis"/>
        <Attr Name="UsedIn" Val="implementation"/>
        <Attr Name="UsedIn" Val="simulation"/>
      </FileInfo>
    </File>
    <File Path="$PSRCDIR/sources_1/new/OR_8Bit.v">
      <FileInfo>
        <Attr Name="ImportPath" Val="$PPRDIR/../ALU_Design/ALU_Design.srcs/sources_1/new/OR_8Bit.v"/>
        <Attr Name="ImportTime" Val="1725956866"/>
        <Attr Name="UsedIn" Val="synthesis"/>
        <Attr Name="UsedIn" Val="implementation"/>
        <Attr Name="UsedIn" Val="simulation"/>
      </FileInfo>
    </File>
    <File Path="$PSRCDIR/sources_1/new/Twos_Complement.v">
      <FileInfo>
        <Attr Name="ImportPath" Val="$PPRDIR/../ALU_Design/ALU_Design.srcs/sources_1/new/Twos_Complement.v"/>
        <Attr Name="ImportTime" Val="1725956866"/>
        <Attr Name="UsedIn" Val="synthesis"/>
        <Attr Name="UsedIn" Val="implementation"/>
        <Attr Name="UsedIn" Val="simulation"/>
      </FileInfo>
    </File>
    <File Path="$PSRCDIR/sources_1/new/XOR_8Bit.v">
      <FileInfo>
        <Attr Name="ImportPath" Val="$PPRDIR/../ALU_Design/ALU_Design.srcs/sources_1/new/XOR_8Bit.v"/>
        <Attr Name="ImportTime" Val="1725956866"/>
        <Attr Name="UsedIn" Val="synthesis"/>
        <Attr Name="UsedIn" Val="implementation"/>
        <Attr Name="UsedIn" Val="simulation"/>
      </FileInfo>
    </File>
    <File Path="$PSRCDIR/sources_1/new/ALU.v">
      <FileInfo>
        <Attr Name="ImportPath" Val="$PPRDIR/../ALU_Design/ALU_Design.srcs/sources_1/new/ALU.v"/>
        <Attr Name="ImportTime" Val="1725956865"/>
        <Attr Name="UsedIn" Val="synthesis"/>
        <Attr Name="UsedIn" Val="implementation"/>
        <Attr Name="UsedIn" Val="simulation"/>
      </FileInfo>
    </File>
    <File Path="$PSRCDIR/sources_1/new/ALU_Dec4.v">
      <FileInfo>
        <Attr Name="ImportPath" Val="$PPRDIR/../ALU_Design/ALU_Design.srcs/sources_1/new/ALU_Dec4.v"/>
        <Attr Name="ImportTime" Val="1725956865"/>
        <Attr Name="UsedIn" Val="synthesis"/>
        <Attr Name="UsedIn" Val="implementation"/>
        <Attr Name="UsedIn" Val="simulation"/>
      </FileInfo>
    </File>
    <File Path="$PSRCDIR/sources_1/new/ALU_Inc4.v">
      <FileInfo>
        <Attr Name="ImportPath" Val="$PPRDIR/../ALU_Design/ALU_Design.srcs/sources_1/new/ALU_Inc4.v"/>
        <Attr Name="ImportTime" Val="1725956866"/>
        <Attr Name="UsedIn" Val="synthesis"/>
        <Attr Name="UsedIn" Val="implementation"/>
        <Attr Name="UsedIn" Val="simulation"/>
      </FileInfo>
    </File>
    <File Path="$PSRCDIR/sources_1/new/ALU_Barrel_Shift.v">
      <FileInfo>
        <Attr Name="ImportPath" Val="$PPRDIR/../ALU_Design/ALU_Design.srcs/sources_1/new/ALU_Barrel_Shift.v"/>
        <Attr Name="ImportTime" Val="1725956865"/>
        <Attr Name="UsedIn" Val="synthesis"/>
        <Attr Name="UsedIn" Val="implementation"/>
        <Attr Name="UsedIn" Val="simulation"/>
      </FileInfo>
    </File>
    <File Path="$PSRCDIR/sources_1/new/ALU_Barrel_Left.v">
      <FileInfo>
        <Attr Name="UsedIn" Val="synthesis"/>
        <Attr Name="UsedIn" Val="implementation"/>
        <Attr Name="UsedIn" Val="simulation"/>
      </FileInfo>
    </File>
    <File Path="$PSRCDIR/sources_1/new/ALU_Barrel_Right.v">
      <FileInfo>
        <Attr Name="UsedIn" Val="synthesis"/>
        <Attr Name="UsedIn" Val="implementation"/>
        <Attr Name="UsedIn" Val="simulation"/>
      </FileInfo>
    </File>
    <File Path="$PSRCDIR/sources_1/new/ALU_Barrel_Arith_Right.v">
      <FileInfo>
        <Attr Name="UsedIn" Val="synthesis"/>
        <Attr Name="UsedIn" Val="implementation"/>
        <Attr Name="UsedIn" Val="simulation"/>
      </FileInfo>
    </File>
    <Config>
      <Option Name="DesignMode" Val="RTL"/>
      <Option Name="TopModule" Val="ALU"/>
      <Option Name="TopAutoSet" Val="TRUE"/>
    </Config>
  </FileSet>
  <FileSet Name="constrs_in" Type="Constrs" RelSrcDir="$PSRCDIR/constrs_1">
    <Filter Type="Constrs"/>
    <File Path="$PSRCDIR/constrs_1/new/ALU_XDC_File.xdc">
      <FileInfo>
        <Attr Name="UsedIn" Val="synthesis"/>
        <Attr Name="UsedIn" Val="implementation"/>
      </FileInfo>
    </File>
    <Config>
      <Option Name="ConstrsType" Val="XDC"/>
    </Config>
  </FileSet>
  <FileSet Name="utils" Type="Utils" RelSrcDir="$PSRCDIR/utils_1">
    <Filter Type="Utils"/>
    <Config>
      <Option Name="TopAutoSet" Val="TRUE"/>
    </Config>
  </FileSet>
  <Strategy Version="1" Minor="2">
    <StratHandle Name="Vivado Synthesis Defaults" Flow="Vivado Synthesis 2020"/>
    <Step Id="synth_design"/>
  </Strategy>
</GenRun>
